<?xml version='1.0'?>
<home version='5500' exportFlags='17' name='M4.sh3d' camera='observerCamera' wallHeight='243.84'>
  <environment groundColor='00A8A8A8' skyColor='00CCE4FC' lightColor='00D0D0D0'>
    <observerCamera attribute='cameraPath' lens='PINHOLE' x='468.74167' y='548.0627' z='148.67355' yaw='166.56871' pitch='0.17420474' fieldOfView='1.5707964' time='1507665600779'/>
    <observerCamera attribute='cameraPath' lens='PINHOLE' x='473.93076' y='444.19943' z='148.67355' yaw='166.51874' pitch='0.30920467' fieldOfView='1.5707964' time='1507665600779'/>
    <observerCamera attribute='cameraPath' lens='PINHOLE' x='529.12445' y='409.86777' z='148.67355' yaw='167.51875' pitch='0.119204685' fieldOfView='1.5707964' time='1507665600779'/>
    <observerCamera attribute='cameraPath' lens='PINHOLE' x='721.91675' y='248.22571' z='148.67355' yaw='167.22884' pitch='0.23420453' fieldOfView='1.5707964' time='1507665600779'/>
    <observerCamera attribute='cameraPath' lens='PINHOLE' x='659.3228' y='201.11964' z='148.67355' yaw='165.42679' pitch='0.93420434' fieldOfView='1.5707964' time='1507665600779'/>
    <observerCamera attribute='cameraPath' lens='PINHOLE' x='622.8115' y='182.37045' z='97.26749' yaw='167.97694' pitch='0.059204888' fieldOfView='1.5707964' time='1507665600779'/>
    <observerCamera attribute='cameraPath' lens='PINHOLE' x='622.8115' y='182.37045' z='97.26749' yaw='168.98691' pitch='-0.050795082' fieldOfView='1.5707964' time='1507665600779'/>
    <observerCamera attribute='cameraPath' lens='PINHOLE' x='654.1978' y='243.00995' z='148.02286' yaw='169.18524' pitch='0.12420492' fieldOfView='1.5707964' time='1507665600779'/>
    <observerCamera attribute='cameraPath' lens='PINHOLE' x='695.8615' y='483.03198' z='148.02286' yaw='168.06029' pitch='-0.030795097' fieldOfView='1.5707964' time='1507665600779'/>
    <observerCamera attribute='cameraPath' lens='PINHOLE' x='807.28516' y='468.58585' z='148.02286' yaw='166.0952' pitch='0.089204796' fieldOfView='1.5707964' time='1507665600779'/>
    <observerCamera attribute='cameraPath' lens='PINHOLE' x='398.30566' y='384.99637' z='148.02286' yaw='164.96016' pitch='0.1442048' fieldOfView='1.5707964' time='1507665600779'/>
    <observerCamera attribute='cameraPath' lens='PINHOLE' x='333.32858' y='383.2712' z='148.02286' yaw='164.96016' pitch='0.1442048' fieldOfView='1.5707964' time='1507665600779'/>
    <observerCamera attribute='cameraPath' lens='PINHOLE' x='320.32944' y='383.1207' z='148.02286' yaw='161.94019' pitch='0.14920509' fieldOfView='1.5707964' time='1507665600779'/>
    <observerCamera attribute='cameraPath' lens='PINHOLE' x='320.32944' y='383.1207' z='148.02286' yaw='162.90015' pitch='0.39920494' fieldOfView='1.5707964' time='1507665600779'/>
    <observerCamera attribute='cameraPath' lens='PINHOLE' x='322.6051' y='467.42578' z='148.02286' yaw='163.82011' pitch='0.41420493' fieldOfView='1.5707964' time='1507665600779'/>
    <observerCamera attribute='cameraPath' lens='PINHOLE' x='322.51917' y='476.16898' z='148.02286' yaw='164.46016' pitch='-0.26579475' fieldOfView='1.5707964' time='1507665600779'/>
    <observerCamera attribute='cameraPath' lens='PINHOLE' x='322.51917' y='476.16898' z='148.02286' yaw='165.90018' pitch='0.97420484' fieldOfView='1.5707964' time='1507665600779'/>
    <observerCamera attribute='cameraPath' lens='PINHOLE' x='166.8798' y='393.43613' z='148.02286' yaw='164.92516' pitch='0.00920498' fieldOfView='1.5707964' time='1507665600779'/>
    <observerCamera attribute='cameraPath' lens='PINHOLE' x='160.816' y='395.7771' z='148.02286' yaw='164.51517' pitch='0.46920493' fieldOfView='1.5707964' time='1507665600779'/>
    <observerCamera attribute='cameraPath' lens='PINHOLE' x='95.98971' y='421.2352' z='148.02286' yaw='163.18524' pitch='0.36920494' fieldOfView='1.5707964' time='1507665600779'/>
    <observerCamera attribute='cameraPath' lens='PINHOLE' x='45.002018' y='560.2826' z='148.02286' yaw='160.69035' pitch='0.099205844' fieldOfView='1.5707964' time='1507665600779'/>
    <observerCamera attribute='cameraPath' lens='PINHOLE' x='179.0652' y='414.7668' z='148.02286' yaw='161.61034' pitch='0.08920592' fieldOfView='1.5707964' time='1507665600779'/>
    <observerCamera attribute='cameraPath' lens='PINHOLE' x='209.07382' y='336.28616' z='148.02286' yaw='160.26027' pitch='0.37420592' fieldOfView='1.5707964' time='1507665600779'/>
    <observerCamera attribute='cameraPath' lens='PINHOLE' x='132.92203' y='25.925663' z='148.02286' yaw='159.55522' pitch='0.7242059' fieldOfView='1.5707964' time='1507665600779'/>
    <observerCamera attribute='cameraPath' lens='PINHOLE' x='90.84004' y='-14.321457' z='107.02814' yaw='160.25023' pitch='0.15920591' fieldOfView='1.5707964' time='1507665600779'/>
    <observerCamera attribute='cameraPath' lens='PINHOLE' x='90.84004' y='-14.321457' z='107.02814' yaw='162.12015' pitch='0.0042059617' fieldOfView='1.5707964' time='1507665600779'/>
    <observerCamera attribute='cameraPath' lens='PINHOLE' x='90.84004' y='-14.321457' z='107.02814' yaw='160.11504' pitch='0.16920595' fieldOfView='1.5707964' time='1507665600779'/>
    <observerCamera attribute='cameraPath' lens='PINHOLE' x='90.84004' y='-14.321457' z='164.29059' yaw='156.79512' pitch='0.08420592' fieldOfView='1.5707964' time='1507665600779'/>
    <observerCamera attribute='cameraPath' lens='PINHOLE' x='202.51012' y='340.1421' z='164.29059' yaw='150.45503' pitch='0.2092057' fieldOfView='1.5707964' time='1507665600779'/>
    <observerCamera attribute='cameraPath' lens='PINHOLE' x='492.6122' y='428.8118' z='164.29059' yaw='148.80501' pitch='0.15920566' fieldOfView='1.5707964' time='1507665600779'/>
    <observerCamera attribute='cameraPath' lens='PINHOLE' x='798.9471' y='43.51243' z='164.29059' yaw='148.32004' pitch='0.12920544' fieldOfView='1.5707964' time='1507665600779'/>
    <observerCamera attribute='cameraPath' lens='PINHOLE' x='772.3713' y='-0.55096817' z='164.29059' yaw='146.24507' pitch='0.44420546' fieldOfView='1.5707964' time='1507665600779'/>
    <observerCamera attribute='cameraPath' lens='PINHOLE' x='772.318' y='-7.05075' z='164.29059' yaw='144.50006' pitch='0.18420552' fieldOfView='1.5707964' time='1507665600779'/>
    <texture attribute='groundTexture' name='Trawa' creator='eTeks' catalogId='eTeks#grass' width='30.0' height='30.0' scale='3.0' image='0'/>
    <texture attribute='skyTexture' name='Chmurzyście' creator='eTeks' catalogId='eTeks#cloudy' width='100.0' height='27.6' image='1'/>
  </environment>
  <observerCamera attribute='observerCamera' lens='PINHOLE' x='486.5688' y='519.44824' z='148.67355' yaw='172.83809' pitch='0.44579697' fieldOfView='1.5707964' time='1507665600779'/>
  <camera attribute='topCamera' lens='PINHOLE' x='150.09294' y='545.01294' z='549.7936' yaw='58.913906' pitch='1.2207967' fieldOfView='1.0995575' time='1507636800000'/>
  <doorOrWindow catalogId='eTeks#frontDoor' name='Drzwi wejściowe' creator='eTeks' model='3' x='472.74127' y='463.58237' angle='3.1415927' width='110.0' depth='15.334083' height='208.5' modelMirrored='true' modelSize='23993' cutOutShape='M0,0 v1 h1 v-1 z' wallCutOutOnBothSides='true'>
    <material name='yellowbrt' color='FFE5E5E5'/>
  </doorOrWindow>
  <doorOrWindow catalogId='eTeks#door' name='Drzwi sypialnia' creator='eTeks' model='5' x='226.78958' y='341.58234' angle='3.1415927' width='95.1' widthInPlan='95.09999' depth='15.467417' height='208.5' modelSize='13950' movable='false' cutOutShape='M0,0 v1 h1 v-1 z' wallCutOutOnBothSides='true'>
    <material name='white' color='FFFDF4E3'/>
    <material name='yellowbrt' color='FFD0D0D0'/>
  </doorOrWindow>
  <doorOrWindow catalogId='eTeks#door' name='Drzwi łazienka' creator='eTeks' model='5' x='167.02643' y='399.51227' angle='4.712389' width='91.5' depth='15.467417' height='208.5' modelSize='13950' movable='false' cutOutShape='M0,0 v1 h1 v-1 z' wallCutOutOnBothSides='true'>
    <material name='white' color='FFFDF4E3'/>
    <material name='yellowbrt' color='FFD0D0D0'/>
  </doorOrWindow>
  <doorOrWindow catalogId='eTeks#door' name='Drzwi składzik' creator='eTeks' model='5' x='299.26935' y='452.5824' angle='3.1415927' width='91.5' depth='15.467417' height='208.5' modelMirrored='true' modelSize='13950' movable='false' cutOutShape='M0,0 v1 h1 v-1 z' wallCutOutOnBothSides='true'>
    <material name='white' color='FFFDF4E3'/>
    <material name='yellowbrt' color='FFD0D0D0'/>
  </doorOrWindow>
  <doorOrWindow catalogId='eTeks#doubleHungWindow80x122' name='Okno pionowe' creator='eTeks' model='7' x='85.46742' y='-105.670044' elevation='34.5' width='114.0' depth='12.0' height='192.5' modelSize='3426' movable='false' cutOutShape='M0,0 v1 h1 v-1 z' wallCutOutOnBothSides='true'/>
  <doorOrWindow catalogId='eTeks#doubleHungWindow80x122' name='Okno pionowe' creator='eTeks' model='7' x='411.66656' y='-104.81595' elevation='34.5' angle='0.0010905121' width='114.0' depth='12.96075' height='192.5' modelSize='3426' movable='false' cutOutShape='M0,0 v1 h1 v-1 z' wallCutOutOnBothSides='true'/>
  <doorOrWindow catalogId='eTeks#fixedWindow85x123' name='Okno nieuchylne' creator='eTeks' model='9' x='770.6773' y='-104.904434' angle='3.1426833' width='130.0' depth='12.00075' height='240.0' modelSize='2198' movable='false' cutOutShape='M0,0 v1 h1 v-1 z' wallCutOutOnBothSides='true'/>
  <doorOrWindow catalogId='eTeks#frenchWindow85x200' name='Okno francuskie' creator='eTeks' model='11' x='660.6749' y='-102.77479' angle='0.0010905121' width='90.0' depth='16.5' height='245.0' modelSize='9584' movable='false' cutOutShape='M0,0 v1 h1 v-1 z' wallCutOutOnBothSides='true'/>
  <furnitureGroup name='Sypialnia' x='137.35982' y='55.682358' angle='4.712389' width='314.8516' depth='273.99997' height='165.0'>
    <pieceOfFurniture catalogId='eTeks#bed' name='Łóżko' creator='eTeks' model='13' x='110.35983' y='138.10815' angle='4.712389' width='150.0' depth='220.0' height='52.8' modelSize='24868'>
      <material name='flgrey' color='FF705335'/>
      <material name='flwhite' color='FFC1876B'/>
      <material name='ltgrey' color='FFE6D690'/>
    </pieceOfFurniture>
    <pieceOfFurniture catalogId='Scopia#wall-flat-tv' name='Telewizor plazmowy ' creator='Scopia' model='15/wall-flat-tv.obj' x='271.3598' y='135.36226' elevation='100.0' angle='1.5707964' width='97.0' depth='6.0' height='65.0' modelSize='36766'/>
    <furnitureGroup name='Biuro' x='137.83699' y='-39.640533' angle='0.0010905121' width='269.0' depth='124.312325' height='118.3'>
      <pieceOfFurniture catalogId='Scopia#office_chair' name='Krzesło' creator='Scopia' model='17/office_chair.obj' x='88.26221' y='-9.423021' angle='3.1415927' width='63.49998' widthInPlan='63.5' depth='63.68399' depthInPlan='63.7' height='100.0' modelSize='259444'>
        <material name='metal'/>
        <material name='tela_sillon_azul' color='FF050607'/>
      </pieceOfFurniture>
      <pieceOfFurniture catalogId='Scopia#office_chair' name='Krzesło' creator='Scopia' model='17/office_chair.obj' x='200.8548' y='-10.673439' angle='3.1415927' width='63.49998' widthInPlan='63.5' depth='63.68399' depthInPlan='63.7' height='100.0' modelSize='259444'>
        <material name='tela_sillon_azul' color='FFC1876B'/>
      </pieceOfFurniture>
      <pieceOfFurniture catalogId='Sheep#desk' name='Biurko' creator='Sheep' model='19' x='137.8587' y='-59.545723' angle='0.0010905121' width='269.0' depth='79.97989' depthInPlan='80.0' height='74.0' modelSize='124492'>
        <material name='gold'>
          <texture name='Lekkie drewno' creator='Ola-Kristian Hoff' catalogId='OlaKristianHoff#light_wood' width='20.0' height='20.0' image='20'/>
        </material>
        <material name='green' color='00000000'/>
        <material name='ltbrown'>
          <texture name='Lekkie drewno' creator='Ola-Kristian Hoff' catalogId='OlaKristianHoff#light_wood' width='20.0' height='20.0' image='20'/>
        </material>
      </pieceOfFurniture>
      <pieceOfFurniture catalogId='Blend Swap CC-BY#laptop' name='Laptop' creator='Mayollo' model='22/laptop.obj' x='224.49435' y='-58.968773' elevation='74.0' width='33.899994' widthInPlan='33.9' depth='25.293642' depthInPlan='25.3' height='26.6' modelSize='474604'/>
      <pieceOfFurniture catalogId='eTeks#flatTV' name='Monitor 24' creator='eTeks' model='24' x='32.59783' y='-72.880226' elevation='73.3' angle='5.759587' width='55.49301' widthInPlan='55.5' depth='20.49554' depthInPlan='20.5' height='40.7' modelSize='13041'/>
      <pieceOfFurniture catalogId='eTeks#flatTV' name='Monitor 24' creator='eTeks' model='24' x='162.5533' y='-84.66048' elevation='73.3' angle='6.021386' width='55.496376' widthInPlan='55.5' depth='20.495024' depthInPlan='20.5' height='40.7' modelSize='13041'/>
      <pieceOfFurniture catalogId='eTeks#flatTV' name='Monitor 27' creator='eTeks' model='24' x='93.005035' y='-85.02525' elevation='73.3' width='62.499985' widthInPlan='62.5' depth='21.99447' depthInPlan='22.0' height='45.0' modelSize='13041'/>
    </furnitureGroup>
  </furnitureGroup>
  <furnitureGroup name='Łazienka' x='93.85982' y='475.24902' angle='3.1415927' width='187.00005' depth='254.00015' height='229.3' movable='false'>
    <pieceOfFurniture catalogId='Blend Swap CC-BY#radiatorAndTowels' name='Grzejnik łazienkowy' creator='Gianmariaveronese' model='26/radiatorAndTowels.obj' x='100.932434' y='353.24893' elevation='113.0' angle='1.8165225E-7' width='60.0' depth='10.0' height='96.0' modelSize='898563'/>
    <pieceOfFurniture catalogId='LucaPresidente#doccia' name='Kabina prysznicowa' creator='LucaPresidente' model='28/doccia.obj' x='45.35994' y='552.2312' angle='4.712389' width='100.0' widthInPlan='100.03572' depth='90.0' height='200.0' modelRotation='-1 0 0 0 1 0 0 0 -1' modelSize='152895'/>
    <pieceOfFurniture catalogId='Blend Swap CC-0#towel2' name='Ręcznik' creator='Wfg5001' model='30/towel2.obj' x='55.829197' y='355.09894' elevation='100.0' angle='1.8165225E-7' width='21.800001' widthInPlan='21.8' depth='13.7' height='66.9' heightInPlan='66.85' modelSize='204958'/>
    <pieceOfFurniture catalogId='Kator Legaz#bathroom-tissue' name='Uchwyt na papier toaletowy' creator='Kator Legaz' model='32/bathroom-tissue.obj' x='178.70984' y='500.27203' elevation='60.0' angle='1.5707964' width='21.300001' widthInPlan='21.3' depth='17.300001' depthInPlan='17.3' height='15.0' modelSize='171912'/>
    <pieceOfFurniture catalogId='Blend Swap CC-0#toiletBrush' name='Szczotka toaletowa' creator='Nhumrod' model='34/toiletBrush.obj' x='182.55981' y='583.049' elevation='20.0' angle='3.1415927' width='9.6' depth='12.900001' depthInPlan='12.9' height='38.600002' heightInPlan='38.6' modelSize='738315'/>
    <pieceOfFurniture catalogId='OlaKristianHoff#toilet_hang_round' name='Wiszący sedes' creator='Ola-Kristian Hoff' model='36/toilet_hang_round.obj' x='137.74658' y='556.999' elevation='16.0' angle='3.1415927' width='40.0' depth='65.0' height='82.0' modelSize='61244'/>
    <pieceOfFurniture catalogId='Geantick#dresser' name='Kredens' creator='Geantick' model='38' x='22.359833' y='427.1062' angle='4.712389' width='80.5' depth='44.0' height='89.0' color='FFFFFFFF' modelSize='37377'/>
    <pieceOfFurniture catalogId='Blend Swap CC-0#shower' name='Akcesoria prysznicowe' creator='Wfg5001' model='40/shower.obj' x='27.259857' y='552.7715' elevation='115.0' angle='4.712389' width='20.800001' widthInPlan='20.8' depth='53.8' height='114.3' modelSize='96924' movable='false'/>
    <pieceOfFurniture catalogId='Puybaret#mirror' name='Lustro' creator='Emmanuel Puybaret' model='42/mirror.obj' x='0.40982324' y='423.8407' elevation='125.0' angle='4.712389' width='100.0' depth='0.1' depthInPlan='0.10000002' height='53.0' modelSize='7802'/>
    <pieceOfFurniture catalogId='Scopia#clothes-basket' name='Kosz na pranie' creator='Scopia' model='44/clothes-basket.obj' x='22.359812' y='365.24893' angle='1.8165225E-7' width='44.0' depth='34.0' height='60.0' modelSize='215056'/>
    <pieceOfFurniture catalogId='LucaPresidente#raccordo80W' name='Przystawka do biurka' creator='LucaPresidente' model='46/raccordo80W.obj' x='23.35981' y='408.24893' elevation='17.0' angle='4.712389' width='120.0' depth='46.0' height='73.0' modelSize='19579'>
      <material name='Box36_2'>
        <texture name='Drewno bielone' creator='Emmanuel Puybaret' catalogId='Puybaret#bleachedWood' width='40.0' height='80.0' image='47'/>
      </material>
    </pieceOfFurniture>
    <pieceOfFurniture catalogId='Toomy#savon' name='Mydło w płynie' creator='Toomy' model='49/savon.obj' x='9.174994' y='460.5689' elevation='90.0' angle='3.926991' width='7.0' depth='5.8' height='16.7' modelSize='16738'/>
    <pieceOfFurniture catalogId='Blend Swap CC-0#washbasin' name='Umywalka' creator='Nhumrod' model='51/washbasin.obj' x='23.209808' y='427.88782' elevation='26.0' angle='4.712389' width='56.4' depth='45.7' height='93.1' modelSize='1371832' movable='false'>
      <material name='black'/>
      <material name='sink_faiance'>
        <texture name='Lekkie drewno' creator='Ola-Kristian Hoff' catalogId='OlaKristianHoff#light_wood' width='20.0' height='20.0' image='20'/>
      </material>
    </pieceOfFurniture>
    <pieceOfFurniture catalogId='Toomy#potBrossesADent' name='Szczotka pasta kubek zimna woda...' creator='Toomy' model='53/potBrossesADent.obj' x='10.533142' y='391.56577' elevation='90.0' width='7.2000003' widthInPlan='7.2' depth='8.7' height='18.2' modelSize='77248'/>
  </furnitureGroup>
  <furnitureGroup name='Salon' x='729.3598' y='83.184654' angle='4.712389' width='363.90445' depth='352.0' height='212.0'>
    <pieceOfFurniture catalogId='Blend Swap CC-0#L_shaped_sofa' name='Sofa narożna' creator='Nhumrod' model='55/L_shaped_sofa.obj' x='624.8598' y='145.13686' angle='4.712389' width='240.0' depth='143.0' height='80.0' modelSize='1671265'>
      <material name='leather'>
        <texture name='Beżowa tkanina' creator='Scopia' catalogId='eTeksScopia#beige_fabric2' width='40.0' height='40.0' image='56'/>
      </material>
      <material name='wood'>
        <texture name='Dąb' creator='Emmanuel Puybaret' width='40.0' height='80.0' image='57'/>
      </material>
    </pieceOfFurniture>
    <pieceOfFurniture catalogId='Blend Swap CC-BY#tvStand' name='Szafka TV' creator='Leximumxii' model='59/tvStand.obj' x='885.3598' y='164.58052' angle='1.5707964' width='170.0' depth='40.0' height='52.600002' heightInPlan='52.6' color='FF6A5D4D' modelSize='40159'/>
    <pieceOfFurniture catalogId='Blend Swap CC-0#led_tv' name='TV' creator='Nhumrod' model='61/led_tv.obj' x='891.0713' y='158.3105' elevation='52.600002' angle='1.5707964' width='112.7' depth='26.7' height='71.0' modelSize='822400'>
      <material name='chrome_plastic' color='FF030001' shininess='0.2578125'/>
      <material name='white_glossy_plastic' color='FF030001' shininess='0.2578125'/>
    </pieceOfFurniture>
    <pieceOfFurniture catalogId='Artist373#shelves' name='Półki' creator='Pencilart' model='63' x='887.5598' y='-9.767578' angle='1.5707964' width='178.0' depth='35.600002' depthInPlan='35.600006' height='212.0' color='FF6A5D4D' modelSize='22004'/>
    <pieceOfFurniture catalogId='Toomy#livres' name='Książki' creator='Toomy' model='65/livres.obj' x='896.9098' y='-0.41540527' elevation='164.0' angle='1.5707964' width='24.0' depth='16.9' height='26.9' modelSize='78626'/>
  </furnitureGroup>
  <pieceOfFurniture catalogId='Scopia#dog' name='Pies' creator='Scopia' model='67/dog.obj' x='772.6013' y='-51.37442' angle='0.2617994' width='35.7' depth='83.0' height='75.0' modelSize='175862'/>
  <pieceOfFurniture catalogId='Sheep#prise' name='Gniazdko' creator='Sheep' model='69' x='904.5598' y='125.15106' elevation='58.0' angle='1.5707964' width='8.0' depth='1.6' height='8.0' modelSize='63172' movable='false'/>
  <pieceOfFurniture catalogId='Blend Swap CC-BY#modernRadiator' name='Grzejnik' creator='Atszgo' model='71/modernRadiator.obj' x='564.3598' y='-48.179173' elevation='26.0' angle='4.712389' width='103.0' depth='22.0' depthInPlan='22.000002' height='69.0' modelSize='566209'/>
  <furnitureGroup name='Przedpokój' x='467.96152' y='456.14902' elevation='125.0' angle='3.1415927' width='206.29752' depth='6.200012' height='52.899994' movable='false'>
    <pieceOfFurniture catalogId='Scopia#intercom_with_screen' name='Wideofon' creator='Scopia' model='73/intercom_with_screen.obj' x='561.6102' y='456.14905' elevation='125.0' angle='3.1415932' width='19.0' depth='6.2000003' depthInPlan='6.2' height='36.0' modelSize='183587' movable='false'/>
    <pieceOfFurniture catalogId='Scopia#wall-hanger' name='Wieszak na ścianę' creator='Scopia' model='75/wall-hanger.obj' x='387.31274' y='456.19904' elevation='170.0' angle='3.1415927' width='45.0' depth='6.1' height='7.9' modelSize='29201'/>
  </furnitureGroup>
  <pieceOfFurniture catalogId='Sheep#priseTV' name='Gniazdko telewizyjne' creator='Sheep' model='77' x='904.8098' y='116.83447' elevation='58.0' angle='1.5707964' width='8.0' depth='1.1' height='8.0' modelSize='5009' movable='false'/>
  <pieceOfFurniture catalogId='Pencilart#lightSwitch' name='Włącznik światła' creator='Pencilart' model='79' x='438.79492' y='281.84894' elevation='110.0' angle='3.1415927' width='2.8' depth='0.8' height='4.4' modelSize='5530' movable='false'/>
  <pieceOfFurniture catalogId='Blend Swap CC-BY#modernRadiator' name='Grzejnik' creator='Atszgo' model='71/modernRadiator.obj' x='317.96954' y='-93.95102' elevation='10.0' width='50.4' depth='13.0' height='90.0' modelSize='566209'/>
  <pieceOfFurniture catalogId='Blend Swap CC-BY#modernRadiator' name='Grzejnik' creator='Atszgo' model='71/modernRadiator.obj' x='237.36084' y='-93.25102' elevation='10.0' width='66.0' depth='13.0' depthInPlan='13.000001' height='90.0' modelSize='566209'/>
  <furnitureGroup name='Kuchnia' x='771.1868' y='468.81723' angle='1.5707964' width='270.3633' depth='268.34595' height='263.5' movable='false'>
    <furnitureGroup name='Słupek piekarnik' x='729.1843' y='568.74884' angle='3.1415927' width='60.15027' depth='70.5' height='217.0' modelMirrored='true' movable='false'>
      <pieceOfFurniture catalogId='eTeks#kitchenCabinet' name='Słupek piekarnik - dół' creator='eTeks' model='81' x='729.2594' y='569.7885' angle='3.1415927' width='59.999943' depth='68.0' height='89.0' modelMirrored='true' color='FF6A5D4D' modelSize='10991' movable='false'/>
      <pieceOfFurniture catalogId='eTeks#kitchenCabinet' name='Słupek góra' creator='eTeks' model='81' x='729.2594' y='569.2687' elevation='135.0' angle='3.1415927' width='59.999943' depth='62.5' height='82.0' modelMirrored='true' color='FF6A5D4D' modelSize='10991' movable='false'/>
      <pieceOfFurniture catalogId='Blend Swap CC-0#oven' name='Piekarnik' creator='Martanda' model='83/oven.obj' x='729.25946' y='568.74884' elevation='83.0' angle='3.1415927' width='59.999943' depth='70.5' height='62.600002' modelSize='554013'>
        <material name='cinza' color='FF6A5D4D'/>
        <material name='inox' color='FF030001'/>
        <material name='verde_led' color='FFBD0000'/>
      </pieceOfFurniture>
      <pieceOfFurniture catalogId='eTeks#kitchenCabinet' name='Słupek piekarnik - góra front' creator='eTeks' model='81' x='729.10913' y='540.5488' elevation='135.0' angle='3.1415927' width='60.0' widthInPlan='59.99994' depth='2.6000001' depthInPlan='2.5999997' height='82.0' modelMirrored='true' modelSize='10991' movable='false'>
        <texture name='Dąb' creator='Emmanuel Puybaret' catalogId='Puybaret#oak' width='40.0' height='80.0' image='84'/>
      </pieceOfFurniture>
    </furnitureGroup>
    <furnitureGroup name='Szafki wiszące kuchnia' x='832.1868' y='488.4989' elevation='145.0' angle='3.1415927' width='146.34595' depth='229.50003' height='72.0'>
      <pieceOfFurniture catalogId='eTeks#kitchenUpperCabinet' name='Szafka wisząca ' creator='eTeks' model='86' x='789.01385' y='583.0989' elevation='145.0' angle='3.1415927' width='60.0' depth='40.3' height='72.0' heightInPlan='71.99999' modelSize='11464'>
        <texture name='Dąb' creator='Emmanuel Puybaret' catalogId='Puybaret#oak' width='40.0' height='80.0' image='84'/>
      </pieceOfFurniture>
      <pieceOfFurniture catalogId='eTeks#kitchenUpperCabinet' name='Szafka wisząca ' creator='eTeks' model='86' x='862.01385' y='583.2489' elevation='145.0' angle='3.1415927' width='86.0' depth='40.0' height='72.0' heightInPlan='71.99999' modelSize='11464'>
        <texture name='Dąb' creator='Emmanuel Puybaret' catalogId='Puybaret#oak' width='40.0' height='80.0' image='84'/>
      </pieceOfFurniture>
      <pieceOfFurniture catalogId='eTeks#kitchenUpperCabinet' name='Szafka wisząca ' creator='eTeks' model='86' x='885.3598' y='565.9989' elevation='145.0' angle='1.5707964' width='74.5' depth='40.0' height='72.0' heightInPlan='71.99999' modelSize='11464'>
        <texture name='Dąb' creator='Emmanuel Puybaret' catalogId='Puybaret#oak' width='40.0' height='80.0' image='84'/>
      </pieceOfFurniture>
      <pieceOfFurniture catalogId='eTeks#kitchenUpperCabinet' name='Szafka wisząca ' creator='eTeks' model='86' x='885.3598' y='504.9989' elevation='145.0' angle='1.5707964' width='47.5' depth='40.0' height='72.0' heightInPlan='71.99999' modelSize='11464'>
        <texture name='Dąb' creator='Emmanuel Puybaret' catalogId='Puybaret#oak' width='40.0' height='80.0' image='84'/>
      </pieceOfFurniture>
      <pieceOfFurniture catalogId='eTeks#kitchenUpperCabinet' name='Szafka wisząca ' creator='eTeks' model='86' x='885.2098' y='451.2489' elevation='145.0' angle='1.5707964' width='60.0' depth='40.0' height='72.0' modelSize='11464'>
        <texture name='Dąb' creator='Emmanuel Puybaret' catalogId='Puybaret#oak' width='40.0' height='80.0' image='84'/>
      </pieceOfFurniture>
      <pieceOfFurniture catalogId='eTeks#kitchenUpperCabinet' name='Szafka wisząca ' creator='eTeks' model='86' x='885.3598' y='397.4989' elevation='145.0' angle='1.5707964' width='47.5' depth='40.0' height='72.0' heightInPlan='71.99999' modelSize='11464'>
        <texture name='Dąb' creator='Emmanuel Puybaret' catalogId='Puybaret#oak' width='40.0' height='80.0' image='84'/>
      </pieceOfFurniture>
    </furnitureGroup>
    <furnitureGroup name='Słupek lodówka' x='668.8183' y='569.8905' angle='3.1415927' width='60.099976' depth='68.216675' height='217.5' movable='false'>
      <pieceOfFurniture catalogId='eTeks#kitchenCabinet' name='Słupek lodówka dół' creator='eTeks' model='81' x='668.8683' y='569.99884' angle='3.1415927' width='60.0' depth='68.0' height='89.0' modelMirrored='true' color='FF6A5D4D' modelSize='10991' movable='false'/>
      <pieceOfFurniture catalogId='eTeks#kitchenCabinet' name='Słupek lodówka góra' creator='eTeks' model='81' x='668.7683' y='569.78217' elevation='74.5' angle='3.1415927' width='60.0' depth='68.0' height='143.0' modelMirrored='true' color='FF6A5D4D' modelSize='10991' movable='false'/>
    </furnitureGroup>
    <pieceOfFurniture catalogId='Snduc#boucheVMC' name='Otwór wentylacyjny' creator='Snduc' model='88' x='638.01385' y='573.9204' elevation='242.0' angle='4.712389' width='21.5' depth='2.0' height='21.5' modelRotation='0 0 -1 1 0 0 0 -1 0' modelSize='166565' movable='false'/>
    <pieceOfFurniture catalogId='eTeks#kitchenCabinet' name='Szafka kuchenna' creator='eTeks' model='81' x='832.6098' y='569.24884' angle='3.1415927' width='145.5' depth='68.0' height='89.0' color='FF6A5D4D' modelSize='10991' movable='false'/>
    <pieceOfFurniture catalogId='eTeks#kitchenCabinet' name='Szafka kuchenna' creator='eTeks' model='81' x='805.7598' y='397.84317' width='199.19992' depth='68.0' height='89.0' color='FF6A5D4D' modelSize='10991' movable='false'/>
    <pieceOfFurniture catalogId='eTeks#kitchenCabinet' name='Szafka kuchenna' creator='eTeks' model='81' x='871.3598' y='515.4989' angle='1.5707964' width='175.5' depth='68.0' height='89.0' color='FF6A5D4D' modelSize='10991' movable='false'/>
    <pieceOfFurniture catalogId='LucaPresidente#raccordo80W' name='Blat' creator='LucaPresidente' model='46/raccordo80W.obj' x='805.6098' y='381.13556' width='199.5' depth='95.0' height='92.0' modelSize='19579'>
      <texture name='Beżowa skóra' creator='Scopia' catalogId='eTeksScopia#beige-leather' width='40.0' height='40.0' image='89'/>
    </pieceOfFurniture>
    <pieceOfFurniture catalogId='LucaPresidente#raccordo80W' name='Blat' creator='LucaPresidente' model='46/raccordo80W.obj' x='872.85974' y='514.9989' angle='1.5707964' width='176.5' depth='65.0' height='92.0' modelSize='19579'>
      <texture name='Beżowa skóra' creator='Scopia' catalogId='eTeksScopia#beige-leather' width='40.0' height='40.0' image='89'/>
    </pieceOfFurniture>
    <pieceOfFurniture catalogId='LucaPresidente#raccordo80W' name='Blat' creator='LucaPresidente' model='46/raccordo80W.obj' x='832.2598' y='570.64886' angle='3.1415927' width='146.0' depth='65.0' height='92.0' modelSize='19579'>
      <texture name='Beżowa skóra' creator='Scopia' catalogId='eTeksScopia#beige-leather' width='40.0' height='40.0' image='89'/>
    </pieceOfFurniture>
    <pieceOfFurniture catalogId='Scopia#induction-cooker-4-zones' name='Płyta indukcyjna czteropalnikowa' creator='Scopia' model='91/induction-cooker-4-zones.obj' x='875.297' y='478.53778' elevation='92.0' angle='1.5707964' width='60.0' depth='49.5' height='0.4' modelSize='32930'/>
    <pieceOfFurniture catalogId='LucaPresidente#lavello' name='Zlew z szafką' creator='LucaPresidente' model='93/lavello.obj' x='841.36365' y='565.9034' angle='3.1415927' width='59.5' depth='53.0' depthInPlan='52.979603' height='112.0' heightInPlan='111.961296' modelSize='970849'>
      <material name='Rectangle10_12' color='FF030001' shininess='0.0'/>
    </pieceOfFurniture>
  </furnitureGroup>
  <furnitureGroup name='Schowek' x='273.8598' y='530.7329' angle='4.712389' width='143.03223' depth='156.99998' height='220.0'>
    <pieceOfFurniture catalogId='OlaKristianHoff#shelves_storage_steel' name='Regał przemysłowy' creator='Ola-Kristian Hoff' model='95/shelves_storage_steel.obj' x='282.2741' y='586.5182' angle='3.1415927' width='80.0' depth='30.0' height='180.0' modelSize='26534'/>
    <pieceOfFurniture catalogId='Scopia#clothes_washing_machine' name='Pralka' creator='Scopia' model='97/clothes_washing_machine.obj' x='217.66125' y='491.2011' angle='4.712389' width='60.0' depth='42.0' height='85.0' modelSize='94793'/>
    <pieceOfFurniture catalogId='NMi#stainlessSteelShelf' name='Półka nad pralką 1' creator='N Mi' model='99/stainlessSteelShelf.obj' x='215.35982' y='491.74902' elevation='87.0' angle='4.712389' width='65.0' depth='40.0' height='10.0' modelSize='104200'/>
    <pieceOfFurniture catalogId='NMi#stainlessSteelShelf' name='Półka nad pralką 2' creator='N Mi' model='99/stainlessSteelShelf.obj' x='217.01764' y='514.7168' elevation='140.0' angle='4.712389' width='111.0' depth='40.0' height='10.0' modelSize='104200'/>
    <pieceOfFurniture catalogId='NMi#stainlessSteelShelf' name='Półka nad pralką 3' creator='N Mi' model='99/stainlessSteelShelf.obj' x='217.01764' y='514.7168' elevation='174.0' angle='4.712389' width='111.0' depth='40.0' height='10.0' modelSize='104200'/>
    <pieceOfFurniture catalogId='NMi#stainlessSteelShelf' name='Półka nad pralką 4' creator='N Mi' model='99/stainlessSteelShelf.obj' x='217.01764' y='514.7168' elevation='210.0' angle='4.712389' width='111.0' depth='40.0' height='10.0' modelSize='104200'/>
    <pieceOfFurniture catalogId='Toomy#fer' name='Żelazko' creator='Toomy' model='101/fer.obj' x='209.11761' y='557.5927' elevation='101.0' angle='2.617994' width='13.7' depth='13.2' height='30.6' modelSize='120879'/>
    <pieceOfFurniture catalogId='OlaKristianHoff#bucket' name='Wiadro' creator='Ola-Kristian Hoff' model='103/bucket.obj' x='337.3598' y='588.249' angle='3.1415927' width='30.0' depth='28.0' height='26.5' modelSize='34209'/>
  </furnitureGroup>
  <pieceOfFurniture catalogId='Blend Swap CC-BY#cafe_set_tonon_chair' name='Krzesło' creator='Voodoc' model='105/cafe_set_tonon_chair.obj' x='754.88116' y='327.25348' width='48.0' depth='53.3' height='107.0' heightInPlan='106.99999' modelSize='315111'/>
  <pieceOfFurniture catalogId='Blend Swap CC-BY#cafe_set_tonon_chair' name='Krzesło' creator='Voodoc' model='105/cafe_set_tonon_chair.obj' x='848.28937' y='326.69922' width='48.0' depth='53.3' height='107.0' heightInPlan='106.99999' modelSize='315111'/>
  <pieceOfFurniture catalogId='Scopia#bowl' name='Miska' creator='Scopia' model='107/bowl.obj' x='618.7598' y='474.5716' elevation='30.0' angle='4.712389' width='30.0' depth='30.0' height='20.4' modelSize='57458'/>
  <pieceOfFurniture catalogId='Scopia#bowl' name='Miska' creator='Scopia' model='107/bowl.obj' x='619.14825' y='504.5716' elevation='30.0' angle='4.712389' width='30.0' depth='30.0' height='20.4' modelSize='57458'/>
  <pieceOfFurniture catalogId='LucaPresidente#mensola' name='Półka' creator='LucaPresidente' model='109/mensola.obj' x='895.3598' y='139.14429' elevation='148.0' angle='1.5707964' width='102.0' depth='20.0' height='34.0' color='FF6A5D4D' modelSize='37462'/>
  <pieceOfFurniture catalogId='LucaPresidente#mensola' name='Półka' creator='LucaPresidente' model='109/mensola.obj' x='895.3598' y='225.63232' elevation='163.5' angle='1.5707964' width='102.0' depth='20.0' height='34.0' color='FF6A5D4D' modelSize='37462'/>
  <pieceOfFurniture catalogId='Blend Swap CC-BY#chest' name='Szafka' creator='Elhzar' model='111/chest.obj' x='385.25684' y='310.19897' angle='1.1429805E-7' width='102.0' depth='39.9' depthInPlan='39.89999' height='61.0' modelSize='387336'>
    <material name='wood'>
      <texture name='Lekkie drewno' creator='Ola-Kristian Hoff' catalogId='OlaKristianHoff#light_wood' width='20.0' height='20.0' image='20'/>
    </material>
  </pieceOfFurniture>
  <pieceOfFurniture catalogId='Snduc#bibliothequeDroite' name='Szafka na ksiązki' creator='Snduc' model='113' x='309.25684' y='310.29895' width='50.0' depth='40.100002' depthInPlan='40.1' height='214.0' modelSize='9381'>
    <material name='flblonde'>
      <texture name='Lekkie drewno' creator='Ola-Kristian Hoff' catalogId='OlaKristianHoff#light_wood' width='20.0' height='20.0' image='20'/>
    </material>
  </pieceOfFurniture>
  <pieceOfFurniture catalogId='Puybaret#mirror' name='Lustro' creator='Emmanuel Puybaret' model='42/mirror.obj' x='384.53955' y='291.24893' elevation='85.0' angle='1.1429805E-7' width='60.0' depth='2.0' depthInPlan='2.0000002' height='120.0' modelSize='7802'/>
  <pieceOfFurniture catalogId='Icybones#armoire' name='Garderoba' creator='Icybones' model='115' x='78.85982' y='308.24893' angle='3.1415927' width='157.0' depth='64.0' height='200.5' modelSize='34973'>
    <material name='tan'>
      <texture name='Lekkie drewno' creator='Ola-Kristian Hoff' catalogId='OlaKristianHoff#light_wood' width='20.0' height='20.0' image='20'/>
    </material>
    <material name='white'>
      <texture name='Lekkie drewno' creator='Ola-Kristian Hoff' catalogId='OlaKristianHoff#light_wood' width='20.0' height='20.0' image='20'/>
    </material>
  </pieceOfFurniture>
  <pieceOfFurniture catalogId='Geantick#clavier' name='Klawiatura' creator='Geantick' model='117' x='86.87764' y='-61.323223' elevation='73.0' width='42.5' depth='13.900001' depthInPlan='13.9' height='2.1000001' heightInPlan='2.1' modelSize='105243'/>
  <pieceOfFurniture catalogId='Geantick#souris' name='Myszka' creator='Geantick' model='119' x='122.29396' y='-60.796497' elevation='73.0' angle='0.5235988' width='6.0' depth='10.1' height='2.4' modelRotation='0 0 -1 0 1 0 1 0 0' modelSize='33060'/>
  <pieceOfFurniture catalogId='Geantick#tourPC' name='Komputer' creator='Geantick' model='121' x='20.555313' y='-37.701614' width='12.5' widthInPlan='12.499999' depth='23.4' depthInPlan='23.399998' height='25.300001' heightInPlan='25.3' modelSize='49635'/>
  <pieceOfFurniture catalogId='LucaPresidente#pensileDoppio' name='Nadstawka' creator='LucaPresidente' model='123/pensileDoppio.obj' x='172.37077' y='496.74902' elevation='160.0' angle='1.5707964' width='75.0' depth='30.0' depthInPlan='29.978083' height='60.0' modelSize='504301'>
    <material name='Box16_5' color='FFFCF6D8'/>
    <material name='Box172_2' color='FFF0F0F0'/>
  </pieceOfFurniture>
  <pieceOfFurniture catalogId='Kator Legaz#filing-cabinet' name='Skrzynka teleinformatyczna' creator='Kator Legaz' model='125/filing-cabinet.obj' x='226.16881' y='450.74902' elevation='102.5' angle='3.1415927' width='36.0' widthInPlan='35.999996' depth='1.0' depthInPlan='0.9999999' height='60.0' modelSize='18538'>
    <material name='Aluminum'/>
    <material name='Filing_cabinet' color='FFD0D0D0'/>
  </pieceOfFurniture>
  <pieceOfFurniture catalogId='Scopia#apples' name='Jabłka' creator='Scopia' model='127/apples.obj' x='886.0413' y='393.10684' elevation='89.0' width='25.7' depth='25.7' height='16.0' modelSize='1090044'/>
  <pieceOfFurniture catalogId='Toomy#bouilloire' name='Czajnik elektryczny' creator='Toomy' model='129/bouilloire.obj' x='897.00977' y='593.1489' elevation='91.0' angle='0.7853982' width='16.7' depth='20.2' height='22.1' modelSize='121521'>
    <material name='black'/>
    <material name='gris_acier' color='FF030001'/>
  </pieceOfFurniture>
  <pieceOfFurniture catalogId='LucaPresidente#pensileMarrone' name='Brązowa sześcienna półka' creator='LucaPresidente' model='131/pensileMarrone.obj' x='892.8598' y='123.05458' elevation='192.0' angle='1.5707964' width='40.0' depth='25.0' height='40.0' color='FF6A5D4D' modelSize='1937'/>
  <pieceOfFurniture catalogId='Snduc#boiteDeMouchoirs' name='Chusteczki' creator='Snduc' model='133' x='895.7055' y='356.2763' elevation='90.0' angle='1.5707964' width='22.5' depth='11.5' height='13.6' modelSize='18939'>
    <material name='amber_trans'/>
    <material name='flpurple' color='FFFFBA68'/>
    <material name='sky_blue' color='FFE8E8E8'/>
  </pieceOfFurniture>
  <pieceOfFurniture catalogId='Scopia#dvd' name='DVD' creator='Scopia' model='135/dvd.obj' x='891.2598' y='164.24777' elevation='33.0' angle='1.5707964' width='43.0' depth='28.2' height='5.6' modelSize='315299'/>
  <pieceOfFurniture catalogId='Pastierovic#guitar' name='Gitara' creator='Robert Pastierovic' model='137' x='542.7598' y='-1.2809296' elevation='92.0' angle='1.5707964' roll='0.7853982' width='38.600002' widthInPlan='77.47881' depth='5.2000003' height='97.6' heightInPlan='77.10273' modelRotation='1 0 0 0 0 -1 0 1 0' modelSize='71382'/>
  <pieceOfFurniture catalogId='Blend Swap CC-0#electricGuitar' name='Gitara elektryczna' creator='Seavenois' model='139/electricGuitar.obj' x='522.3959' y='-77.22631' angle='0.5235988' width='34.5' depth='32.100002' depthInPlan='32.1' height='110.0' modelSize='1240979'/>
  <pieceOfFurniture catalogId='Blend Swap CC-BY#abdominalBench' name='Ławka treningowa' creator='Muhtesemozcinar' model='141/abdominalBench.obj' x='310.85977' y='203.24896' angle='3.1415927' width='57.0' depth='158.0' height='86.9' modelSize='651326'/>
  <pieceOfFurniture catalogId='Pencilart#throwPillow' name='Poduszka' creator='Pencilart' model='143/throwPillow.obj' x='591.3649' y='63.40204' elevation='40.0' angle='4.9741883' width='35.0' depth='17.0' height='32.100002' heightInPlan='32.1' modelRotation='1 0 0 0 0.9396926 0.34202018 0 -0.34202018 0.9396926' modelSize='206189'>
    <material name='circulargreen' color='FFFFE539'/>
  </pieceOfFurniture>
  <pieceOfFurniture catalogId='LucaPresidente#tavolino' name='Stolik kawowy' creator='LucaPresidente' model='145/tavolino.obj' x='619.0369' y='-11.848053' width='50.0' depth='50.0' height='27.0' heightInPlan='27.004997' modelSize='18215'>
    <material name='Box42_1' color='FF6A5D4D'/>
    <material name='Box43_2' color='FF6A5D4D'/>
    <material name='ChamferBox06_3' color='FF6A5D4D'/>
  </pieceOfFurniture>
  <pieceOfFurniture catalogId='Kator Legaz#hanging-clothes1' name='Wisząca odzież' creator='Kator Legaz' model='147/hanging-clothes1.obj' x='224.85982' y='555.2682' angle='1.5707964' width='32.5' depth='59.0' height='142.5' modelSize='156591'/>
  <pieceOfFurniture catalogId='Scopia#wall-hanger' name='Wieszak na ścianę góra' creator='Scopia' model='75/wall-hanger.obj' x='349.3598' y='506.2154' elevation='170.0' angle='1.5707964' width='60.0' depth='6.0' height='7.9' modelSize='29201'/>
  <pieceOfFurniture catalogId='Scopia#wall-hanger' name='Wieszak na ścianę dół' creator='Scopia' model='75/wall-hanger.obj' x='349.3598' y='506.0434' elevation='88.0' angle='1.5707964' width='60.0' depth='6.0' height='7.9' modelSize='29201'/>
  <pieceOfFurniture catalogId='Snduc#pile' name='Rurka na wieszaki' creator='Snduc' model='149' x='225.4' y='514.84485' elevation='138.2' width='4.0' depth='119.0' height='4.0' color='FFE8E8E8' modelRotation='1 0 0 0 0 1 0 -1 0' modelSize='10348'/>
  <pieceOfFurniture catalogId='Blend Swap CC-BY#suit' name='Garnitur' creator='Rosenth' model='151/suit.obj' x='395.74127' y='453.34903' elevation='112.0' angle='3.1415927' width='44.0' depth='11.8' height='60.0' modelSize='267280'/>
  <doorOrWindow catalogId='eTeks#door' name='Drzwi sypialnia' creator='eTeks' model='5' x='497.38098' y='283.58234' angle='3.1415927' width='95.1' depth='15.467417' height='208.5' modelSize='13950' movable='false' cutOutShape='M0,0 v1 h1 v-1 z' wallCutOutOnBothSides='true'>
    <material name='white' color='FFFDF4E3'/>
    <material name='yellowbrt' color='FFD0D0D0'/>
  </doorOrWindow>
  <pieceOfFurniture catalogId='Blend Swap CC-0#flowerBox' name='Skrzynka na kwiaty' creator='MattMump' model='153/flowerBox.obj' x='594.20526' y='-199.16461' elevation='77.0' angle='4.712389' width='145.0' depth='18.0' depthInPlan='17.946426' height='50.0' modelSize='2157319'>
    <material name='Blume_Blatt'/>
    <material name='Blume_Weiss' color='00000000'/>
    <material name='Blumenkasten' color='FFE5E5E5'/>
    <material name='Window_Frame_Dark' color='00000000'/>
  </pieceOfFurniture>
  <pieceOfFurniture catalogId='RogerLonqueux#cloture' name='Ogrodzenie' creator='Roger Lonqueux' model='155' x='731.6438' y='-288.22568' width='300.0' depth='6.0' height='170.0' modelSize='23442' movable='false'>
    <material name='green' color='00000000'/>
    <material name='grey' color='FFE5E5E5'/>
    <material name='mintgrn' color='00000000'/>
    <material name='yellow_green' color='00000000'/>
  </pieceOfFurniture>
  <pieceOfFurniture catalogId='RogerLonqueux#cloture' name='Ogrodzenie' creator='Roger Lonqueux' model='155' x='878.8' y='-201.0642' angle='1.5707964' width='180.2' depth='6.0' height='170.0' modelSize='23442' movable='false'>
    <material name='green' color='00000000'/>
    <material name='grey' color='FFE5E5E5'/>
    <material name='mintgrn' color='00000000'/>
    <material name='yellow_green' color='00000000'/>
  </pieceOfFurniture>
  <pieceOfFurniture catalogId='RogerLonqueux#cloture' name='Ogrodzenie' creator='Roger Lonqueux' model='155' x='584.76587' y='-201.56151' angle='4.712389' width='179.8' depth='6.0' height='170.0' modelSize='23442' movable='false'>
    <material name='green' color='00000000'/>
    <material name='grey' color='FFE5E5E5'/>
    <material name='mintgrn' color='00000000'/>
    <material name='yellow_green' color='00000000'/>
  </pieceOfFurniture>
  <pieceOfFurniture catalogId='OlaKristianHoff#railing_glass' name='Szklana balustrada' creator='Ola-Kristian Hoff' model='157/railing_glass.obj' x='732.0617' y='-287.9504' width='299.0' depth='5.0' height='130.0' modelSize='5016' movable='false'>
    <material name='Frame' color='FFE5E5E5'/>
  </pieceOfFurniture>
  <pieceOfFurniture catalogId='OlaKristianHoff#railing_glass' name='Szklana balustrada' creator='Ola-Kristian Hoff' model='157/railing_glass.obj' x='877.9371' y='-201.1933' angle='1.5707964' width='180.0' depth='5.0' depthInPlan='5.0000005' height='130.0' modelSize='5016' movable='false'>
    <material name='Frame' color='FFE5E5E5'/>
  </pieceOfFurniture>
  <pieceOfFurniture catalogId='OlaKristianHoff#railing_glass' name='Szklana balustrada' creator='Ola-Kristian Hoff' model='157/railing_glass.obj' x='582.73206' y='-201.16576' angle='4.712389' width='179.0' depth='5.0' depthInPlan='5.0000005' height='130.0' modelSize='5016' movable='false'>
    <material name='Frame' color='FFE5E5E5'/>
  </pieceOfFurniture>
  <pieceOfFurniture catalogId='Kator Legaz#cafe-chair' name='Krzesło' creator='Kator Legaz' model='159/cafe-chair.obj' x='741.2552' y='-236.07805' angle='5.497787' width='49.5' depth='51.7' height='85.0' modelSize='174443'>
    <material name='Aluminum'/>
    <material name='Green_chair' color='FF8A6642'/>
  </pieceOfFurniture>
  <pieceOfFurniture catalogId='Kator Legaz#cafe-table' name='Stolik' creator='Kator Legaz' model='161/cafe-table.obj' x='834.9501' y='-241.31866' angle='3.144355' width='74.200005' widthInPlan='74.2' depth='74.200005' depthInPlan='74.2' height='70.0' modelSize='144248'/>
  <pieceOfFurniture catalogId='Kator Legaz#cafe-chair' name='Krzesło' creator='Kator Legaz' model='159/cafe-chair.obj' x='840.7536' y='-161.48277' angle='1.8325958' width='49.5' depth='51.7' height='85.0' modelSize='174443'>
    <material name='Aluminum'/>
    <material name='Green_chair' color='FF8A6642'/>
  </pieceOfFurniture>
  <wall id='wall0' wallAtStart='wall37' wallAtEnd='wall28' xStart='911.3598' yStart='-104.75102' xEnd='911.3598' yEnd='609.2489' height='270.0' thickness='12.0' pattern='foreground' rightSideColor='FFFDF1B4'/>
  <wall id='wall1' wallAtEnd='wall2' xStart='549.3598' yStart='-99.75102' xEnd='549.3598' yEnd='286.24896' height='270.0' thickness='8.0' pattern='hatchUp' leftSideColor='FFFDF1B4' rightSideColor='FFB8D6A7'/>
  <wall id='wall2' wallAtStart='wall1' xStart='549.3598' yStart='286.24896' xEnd='280.3598' yEnd='286.24896' height='270.0' thickness='8.0' pattern='hatchUp' leftSideColor='FFFDF1B4' rightSideColor='FFB8D6A7'/>
  <wall id='wall3' wallAtEnd='wall4' xStart='164.35982' yStart='344.24896' xEnd='164.35982' yEnd='455.24902' height='270.0' thickness='8.0' pattern='hatchUp' leftSideColor='FFFDF1B4'>
    <texture attribute='rightSideTexture' name='Kamień' creator='eTeks' width='64.8' height='40.0' image='166'/>
  </wall>
  <wall id='wall4' wallAtStart='wall3' wallAtEnd='wall30' xStart='164.35982' yStart='455.24902' xEnd='191.35982' yEnd='455.24902' height='270.0' thickness='8.0' pattern='hatchUp' leftSideColor='FFFDF1B4'>
    <texture attribute='rightSideTexture' name='Kamień' creator='eTeks' width='64.8' height='40.0' image='166'/>
  </wall>
  <wall id='wall5' wallAtEnd='wall6' xStart='191.35982' yStart='575.5182' xEnd='238.27412' yEnd='575.5182' height='270.0' thickness='8.0' pattern='hatchUp' leftSideColor='FFFFFFFF'/>
  <wall id='wall6' wallAtStart='wall5' xStart='238.27412' yStart='575.5182' xEnd='238.27412' yEnd='602.249' height='270.0' thickness='8.0' pattern='hatchUp' leftSideColor='FFFFFFFF'/>
  <wall id='wall7' wallAtStart='wall27' wallAtEnd='wall8' xStart='597.7598' yStart='465.24902' xEnd='358.3598' yEnd='465.24902' height='270.0' thickness='12.0' pattern='foreground' rightSideColor='FFFDF1B4'/>
  <wall id='wall8' wallAtStart='wall7' xStart='358.3598' yStart='465.24902' xEnd='358.3598' yEnd='602.6459' height='270.0' thickness='12.0' pattern='foreground' rightSideColor='FFFFFFFF'/>
  <wall id='wall9' xStart='236.27412' yStart='602.5128' xEnd='236.27412' yEnd='602.249' height='270.0' thickness='12.0' pattern='foreground'/>
  <wall id='wall10' wallAtStart='wall11' xStart='633.5598' yStart='523.5326' xEnd='602.0598' yEnd='523.5326' height='270.0' thickness='8.0' pattern='hatchUp' rightSideColor='FFFDF1B4'/>
  <wall id='wall11' wallAtEnd='wall10' xStart='633.5598' yStart='604.0326' xEnd='633.5598' yEnd='523.5326' height='270.0' thickness='8.0' pattern='hatchUp' rightSideColor='FFFDF1B4'/>
  <wall id='wall12' wallAtEnd='wall13' xStart='195.35982' yStart='455.24902' xEnd='356.3598' yEnd='455.24902' height='270.0' thickness='8.0' pattern='hatchUp' leftSideColor='FFFDF1B4' rightSideColor='FFFFFFFF'/>
  <wall id='wall13' wallAtStart='wall12' xStart='356.3598' yStart='455.24902' xEnd='356.3598' yEnd='459.24902' height='270.0' thickness='8.0' pattern='hatchUp' leftSideColor='FFFDF1B4'/>
  <wall id='wall14' wallAtStart='wall18' wallAtEnd='wall22' xStart='-5.640194' yStart='344.24896' xEnd='-5.6401825' yEnd='-105.75102' height='270.0' thickness='12.0' pattern='foreground' rightSideColor='FF9D7C61'/>
  <wall id='wall15' wallAtStart='wall21' wallAtEnd='wall16' xStart='278.3598' yStart='344.24896' xEnd='164.35982' yEnd='344.24896' height='270.0' thickness='8.0' pattern='hatchUp' leftSideColor='FFFDF1B4' rightSideColor='FFEAE6CA'/>
  <wall id='wall16' wallAtStart='wall15' xStart='164.35982' yStart='344.24896' xEnd='-3.6401825' yEnd='344.24893' height='270.0' thickness='8.0' pattern='hatchUp' rightSideColor='FFEAE6CA'>
    <texture attribute='leftSideTexture' name='Kamień' creator='eTeks' width='64.8' height='40.0' image='166'/>
  </wall>
  <wall id='wall17' wallAtStart='wall34' wallAtEnd='wall18' xStart='-5.6401825' yStart='608.249' xEnd='-5.6401825' yEnd='487.43982' height='270.0' thickness='12.0' pattern='foreground'>
    <texture attribute='rightSideTexture' name='Kamień' creator='eTeks' width='64.8' height='40.0' image='166'/>
  </wall>
  <wall id='wall18' wallAtStart='wall17' wallAtEnd='wall14' xStart='-5.6401825' yStart='487.43982' xEnd='-5.640194' yEnd='344.24896' height='270.0' thickness='12.0' pattern='foreground'>
    <texture attribute='rightSideTexture' name='Kamień' creator='eTeks' width='64.8' height='40.0' image='166'/>
  </wall>
  <wall id='wall19' wallAtStart='wall29' xStart='597.7598' yStart='609.24884' xEnd='549.3598' yEnd='609.24884' height='270.0' thickness='12.0' pattern='foreground' rightSideColor='FFF9EDAD'/>
  <wall id='wall20' wallAtEnd='wall21' xStart='278.3598' yStart='-100.14311' xEnd='278.35977' yEnd='285.85687' height='270.0' thickness='8.0' pattern='hatchUp' leftSideColor='FF9D7C61' rightSideColor='FFEAE6CA'/>
  <wall id='wall21' wallAtStart='wall20' wallAtEnd='wall15' xStart='278.35977' yStart='285.85687' xEnd='278.3598' yEnd='344.24896' height='270.0' thickness='8.0' pattern='hatchUp' leftSideColor='FFFDF1B4' rightSideColor='FFEAE6CA'/>
  <wall id='wall22' wallAtStart='wall14' wallAtEnd='wall23' xStart='-5.6401825' yStart='-105.75102' xEnd='278.3598' yEnd='-105.75102' height='270.0' thickness='12.0' pattern='foreground' rightSideColor='FFEAE6CA'/>
  <wall id='wall23' wallAtStart='wall22' wallAtEnd='wall37' xStart='278.3598' yStart='-105.75102' xEnd='549.3598' yEnd='-105.75102' height='270.0' thickness='12.0' pattern='foreground' rightSideColor='FFB8D6A7'/>
  <wall id='wall24' wallAtEnd='wall25' xStart='103.68199' yStart='602.92035' xEnd='103.85982' yEnd='593.249' height='110.0' thickness='7.5' pattern='crossHatch'>
    <texture attribute='leftSideTexture' name='Kamień' creator='eTeks' width='64.8' height='40.0' image='166'/>
    <texture attribute='rightSideTexture' name='Kamień' creator='eTeks' width='64.8' height='40.0' image='166'/>
  </wall>
  <wall id='wall25' wallAtStart='wall24' xStart='103.85982' yStart='593.249' xEnd='191.35982' yEnd='593.249' height='110.0' thickness='7.5' pattern='crossHatch'>
    <texture attribute='leftSideTexture' name='Kamień' creator='eTeks' width='64.8' height='40.0' image='166'/>
    <texture attribute='rightSideTexture' name='Kamień' creator='eTeks' width='64.8' height='40.0' image='166'/>
  </wall>
  <wall id='wall26' wallAtEnd='wall27' xStart='597.7598' yStart='608.249' xEnd='597.7598' yEnd='523.5326' height='270.0' thickness='12.0' pattern='foreground' rightSideColor='FFFDF1B4'/>
  <wall id='wall27' wallAtStart='wall26' wallAtEnd='wall7' xStart='597.7598' yStart='523.5326' xEnd='597.7598' yEnd='465.24902' height='270.0' thickness='12.0' pattern='foreground' rightSideColor='FFFDF1B4'/>
  <wall id='wall28' wallAtStart='wall0' wallAtEnd='wall29' xStart='911.3598' yStart='609.2489' xEnd='633.5598' yEnd='609.24884' height='270.0' thickness='12.0' pattern='foreground' rightSideColor='FFFDF1B4'/>
  <wall id='wall29' wallAtStart='wall28' wallAtEnd='wall19' xStart='633.5598' yStart='609.24884' xEnd='597.7598' yEnd='609.24884' height='270.0' thickness='12.0' pattern='foreground' rightSideColor='FFFDF1B4'/>
  <wall id='wall30' wallAtStart='wall4' wallAtEnd='wall35' xStart='191.35982' yStart='455.24902' xEnd='191.35982' yEnd='575.5182' height='270.0' thickness='8.0' pattern='hatchUp' leftSideColor='FFFFFFFF'>
    <texture attribute='rightSideTexture' name='Kamień' creator='eTeks' width='64.8' height='40.0' image='166'/>
  </wall>
  <wall id='wall31' wallAtEnd='wall32' xStart='399.3598' yStart='608.249' xEnd='358.3598' yEnd='608.249' height='270.0' thickness='12.0' pattern='foreground'/>
  <wall id='wall32' wallAtStart='wall31' wallAtEnd='wall33' xStart='358.3598' yStart='608.249' xEnd='191.35982' yEnd='608.249' height='270.0' thickness='12.0' pattern='foreground' rightSideColor='FFFFFFFF'/>
  <wall id='wall33' wallAtStart='wall32' wallAtEnd='wall34' xStart='191.35982' yStart='608.249' xEnd='103.584015' yEnd='608.249' height='270.0' thickness='12.0' pattern='foreground'>
    <texture attribute='rightSideTexture' name='Kamień' creator='eTeks' width='64.8' height='40.0' image='166'/>
  </wall>
  <wall id='wall34' wallAtStart='wall33' wallAtEnd='wall17' xStart='103.584015' yStart='608.249' xEnd='-5.6401825' yEnd='608.249' height='270.0' thickness='12.0' pattern='foreground'>
    <texture attribute='rightSideTexture' name='Kamień' creator='eTeks' width='64.8' height='40.0' image='166'/>
  </wall>
  <wall id='wall35' wallAtStart='wall30' wallAtEnd='wall36' xStart='191.35982' yStart='575.5182' xEnd='191.35982' yEnd='593.249' height='270.0' thickness='8.0' pattern='hatchUp'>
    <texture attribute='rightSideTexture' name='Kamień' creator='eTeks' width='64.8' height='40.0' image='166'/>
  </wall>
  <wall id='wall36' wallAtStart='wall35' xStart='191.35982' yStart='593.249' xEnd='191.35982' yEnd='603.249' height='270.0' thickness='8.0' pattern='hatchUp'>
    <texture attribute='rightSideTexture' name='Kamień' creator='eTeks' width='64.8' height='40.0' image='166'/>
  </wall>
  <wall id='wall37' wallAtStart='wall23' wallAtEnd='wall0' xStart='549.3598' yStart='-105.75102' xEnd='911.3598' yEnd='-104.75102' height='270.0' thickness='12.0' pattern='foreground' rightSideColor='FFFDF1B4'/>
  <room areaVisible='true' areaXOffset='-9.058121' areaYOffset='19.781448' ceilingColor='FFFFFFFF'>
    <texture attribute='floorTexture' name='Sosna' creator='Emmanuel Puybaret' catalogId='Puybaret#pine' width='40.0' height='80.0' image='162'/>
    <point x='0.3598175' y='-99.05002'/>
    <point x='0.3598175' y='340.9434'/>
    <point x='0.3598175' y='340.9434'/>
    <point x='178.64522' y='340.94345'/>
    <point x='178.64525' y='344.9686'/>
    <point x='274.93393' y='344.9686'/>
    <point x='274.93393' y='340.91843'/>
    <point x='274.3598' y='340.91843'/>
    <point x='274.3598' y='-98.75121'/>
  </room>
  <room name='Łazienka' areaVisible='true' areaXOffset='15.597504' areaYOffset='-17.330566' ceilingColor='FFFFFFFF'>
    <texture attribute='floorTexture' name='Szare kafle' creator='eTeks' catalogId='eTeks#greyTile' width='31.5' height='31.5' scale='3.0' image='163'/>
    <point x='0.3598175' y='348.24893'/>
    <point x='0.3598175' y='602.249'/>
    <point x='187.35982' y='602.249'/>
    <point x='187.35982' y='459.24902'/>
    <point x='160.35982' y='459.24902'/>
    <point x='160.35982' y='445.83417'/>
    <point x='164.38461' y='445.83417'/>
    <point x='164.38461' y='353.19037'/>
    <point x='160.35982' y='353.19037'/>
    <point x='160.35982' y='348.24896'/>
    <point x='0.3598173' y='348.24893'/>
  </room>
  <room areaVisible='true' ceilingColor='FFFFFFFF'>
    <texture attribute='floorTexture' name='Naturalna sosna' creator='Emmanuel Puybaret' catalogId='Puybaret#rawPine' width='40.0' height='80.0' scale='2.0' image='164'/>
    <point x='252.94745' y='455.2242'/>
    <point x='252.94745' y='459.24902'/>
    <point x='195.35982' y='459.24902'/>
    <point x='195.35982' y='571.5182'/>
    <point x='242.27412' y='571.5182'/>
    <point x='242.27412' y='602.249'/>
    <point x='352.3598' y='602.249'/>
    <point x='352.3598' y='459.24902'/>
    <point x='345.59125' y='459.24902'/>
    <point x='345.59125' y='455.2242'/>
  </room>
  <room areaVisible='true' ceilingColor='FFFFFFFF'>
    <texture attribute='floorTexture' name='Naturalna sosna' creator='Emmanuel Puybaret' catalogId='Puybaret#rawPine' width='40.0' height='80.0' scale='2.0' image='164'/>
    <point x='615.2818' y='-105.032684'/>
    <point x='615.2758' y='-99.56892'/>
    <point x='553.3598' y='-99.73995'/>
    <point x='553.3598' y='290.24896'/>
    <point x='282.35977' y='290.24896'/>
    <point x='282.3598' y='348.24896'/>
    <point x='274.93396' y='348.24896'/>
    <point x='274.93396' y='344.22415'/>
    <point x='178.64519' y='344.22415'/>
    <point x='178.64516' y='348.24896'/>
    <point x='168.35982' y='348.24896'/>
    <point x='168.35982' y='353.19043'/>
    <point x='164.33463' y='353.19043'/>
    <point x='164.33463' y='445.8341'/>
    <point x='168.35982' y='445.8341'/>
    <point x='168.35982' y='451.24902'/>
    <point x='252.94751' y='451.24902'/>
    <point x='252.94751' y='455.2742'/>
    <point x='345.5912' y='455.2742'/>
    <point x='345.5912' y='451.24902'/>
    <point x='360.3598' y='451.24902'/>
    <point x='360.3598' y='459.24902'/>
    <point x='417.28296' y='459.24902'/>
    <point x='417.28296' y='465.2741'/>
    <point x='528.1996' y='465.2741'/>
    <point x='528.1996' y='459.24902'/>
    <point x='603.7598' y='459.24902'/>
    <point x='603.7598' y='519.5326'/>
    <point x='637.5598' y='519.5326'/>
    <point x='637.5598' y='603.24884'/>
    <point x='905.3598' y='603.2489'/>
    <point x='905.3598' y='-98.76758'/>
    <point x='836.2111' y='-98.958595'/>
    <point x='836.2176' y='-104.85736'/>
    <point x='705.1371' y='-105.00033'/>
    <point x='705.137' y='-104.9347'/>
  </room>
  <room areaVisible='true' ceilingColor='FFFFFFFF'>
    <texture attribute='floorTexture' name='Sosna' creator='Emmanuel Puybaret' catalogId='Puybaret#pine' width='40.0' height='80.0' image='162'/>
    <point x='545.3598' y='-99.75102'/>
    <point x='545.3598' y='282.24896'/>
    <point x='282.35977' y='282.24896'/>
    <point x='282.3598' y='-99.75102'/>
  </room>
  <room areaVisible='true' ceilingVisible='false'>
    <texture attribute='floorTexture' name='Marmurowe kafelki' creator='Scopia' catalogId='eTeksScopia#marble-floor-tiles' width='60.0' height='60.0' scale='2.0' image='165'/>
    <point x='881.86304' y='-291.44324'/>
    <point x='881.86304' y='-110.44322'/>
    <point x='581.86304' y='-110.44322'/>
    <point x='581.86304' y='-291.44324'/>
  </room>
</home>